[
    {
        "date": "2024-02-12",
        "title": " New Song : 'Electro' by Corla Reefer",
        "imageUrl": "https://bandlabimages.azureedge.net/v1.0/users/11a502cc-97ef-45bd-83f0-272b4b2abd79/260x260",
        "content": "Ready for the release of a song titled 'Electro' by Corla Reefer, marking our 23rd song out of our target launch goal of 1000. Thank you for your continued support along this musical journey.</p>"
    },
    {
        "date": "2024-02-15",
        "title": "New Rob Show",
        "content": "Rob Show #18 | My Own Grenade",
        "imageUrl": "https://ahoypodcast.s3.us-east-2.amazonaws.com/The+Rob+Show+-+Ep18+-+My+Own+Grendade.jpg"
    },
    {
        "date": "2024-02-20",
        "title": "New Music : My Own Grenade ",
        "content": "Last week we had My Own Grenade on the Rob Show and fell in love with these folks - they have generously given Ahoy permission to stream their work! We added 6 to the Mix. <br><br> For more of My Own Grenade - here is a brief about them: My Own Grenade is a Connecticut based hard rock/punk band. Founded in 1996, Tim Rooney (vocals), Mike Reid (guitar/vocals), Mike Testa (guitar), Chris Siano (bass), and Buddy Oberheim (drums) are dedicated to writing, recording, and performing original songs. My Own Grenade was voted the #2 punk band in the New Haven area in the 1999 Great Band Slam sponsored by the New Haven Advocate. After releasing our debut CD, Randal's Last Stand, we've been writing new material for our second release due out in summer 2000. Connecticut appearances have included Toad's Place and the Tune Inn (New Haven), the Webster Theater (Hartford), and Shenanigans (Norwalk). We have also played Don Hill's and The Spiral Lounge in New York City. 3 out of 4 fans report that repeated exposure to My Own Grenade increased their listening pleasure. Side effects include hot flashes, sweaty palms, and decreased dancing inhibitions. When used regularly, MOG is proven to cause a ruckus. In August 1998 and June 1999, we performed live on WRIU (90.3 FM), the University of Rhode Island radio station. In 1997, we were selected as finalists in the 'Modern Rock Wars' sponsored by WMRQ (104.1) in Hartford.",
        "imageUrl": "https://ahoycollection.s3.us-east-2.amazonaws.com/my+own+grenade.jpeg"

    },

    {
        "date": "2024-03-04",
        "title": "New Music : S.G Carlson",
        "imageUrl": "https://ahoycollection.s3.us-east-2.amazonaws.com/SGCarlson-AhoyIndieMedia.png",
        "content": "Check out the latest track 'How I Got Fat While Living Skinny' by S.G. Carlson.",
        "songLink": {
            "id": 30,
            "playButton": true,
            "mp3url": "https://ahoycollection.s3.us-east-2.amazonaws.com/S.G.+Carlson+-+How+I+Got+Fat+While+Living+Skinny.mp3",
            "backgroundImageUrl": "https://ahoycollection.s3.us-east-2.amazonaws.com/SGCarlson-AhoyIndieMedia.png"
        }
    },
    {
          
        "date": "2024-03-08",
        "title": "The Rob Show - Ep 19 - Paul Wildy",
        "imageUrl": "https://ahoypodcast.s3.us-east-2.amazonaws.com/The+Rob+Show+-+Ep19+-+Paul+Wildy.jpg",
        "content": "Paul Wildy, a 20+ year cab driver in New Haven, shares his experiences from working on the Carter campaign to witnessing the city's evolution over decades.",
        "mp3Url": "https://ahoypodcast.s3.us-east-2.amazonaws.com/ready+The+Rob+Show+-+Ep+19+-+Paul+Wildly.mp3",
        "backgroundImageUrl": "https://ahoycollection.s3.us-east-2.amazonaws.com/SGCarlson-AhoyIndieMedia.png"
    
    },
    {
          
        "date": "2024-03-19",
        "title": "The Rob Show - Ep 20 - Pat Clendenen",
        "imageUrl": "https://ahoypodcast.s3.us-east-2.amazonaws.com/The+Rob+Show+-+Ep20+-+Pat+Clendenen.jpg",
        "content": "Pat Clendenen, originally from New Haven, returns after 25 years in Boston. A local lawyer and power lifter, Pat is also venturing into skateboarding.",
        "mp3Url": "https://ahoypodcast.s3.us-east-2.amazonaws.com/SUPERready+The+Rob+Show+-+Ep+20+-+Pat+Clendenen.mp3"
    },
    {
        "date": "2024-03-20",
        "title": "New Justin Arena Songs Added",
        "imageUrl": "https://f4.bcbits.com/img/a3851680380_16.jpg",
        "content": "Dive into Justin Arena and enjoy some fresh tunes - We've added 3 new songs to the collection - 'Framework', 'Fruit In The Shower', and 'No 1'. ",
        "mp3Url": "https://ahoycollection.s3.us-east-2.amazonaws.com/Justin+Arena+-+Framework.mp3"
    },
    {
        "date": "2024-04-04",
        "title": "New Song: 'Moon Views, Know by Feel, Chokecherries' by The Tines",
        "imageUrl": "https://storage.googleapis.com/ahoy-song-collection/ready_theTinesAlbumArtwork.jpg",
        "content": "Introducing a new addition to our music collection - 'Moon Views, Know by Feel, Chokecherries' by The Tines."
    },
    {
        "date": "2024-04-05",
        "title": "New Rob Show: 'Dave Gunn",
        "imageUrl": "https://storage.googleapis.com/ahoy-podcast-collection/readyThe%20Rob%20Show%20-%20Ep23%20-%20Dave%20Gunn%20-%204.4.24.jpg",
        "content": "CoFounder of the Tallboyz - Born in Hamden - Pro Rollerblader - Former Hockey Player - Alum of the Rob Show"
    },
    {
        "date": "2024-04-09",
        "title": "New Dave Gunn Footage - Raw Raleigh/Durham ",
        "imageUrl": "https://cdn.jwplayer.com/thumbs/MS7zwzR2-640.jpg",
        "content": "Skater Dave Gunn of the Tallboyz - sends us some raw clips from his recent trip to Raleigh/Durham - you can find it the media section "
    }




    
]