{
	"songs": [
		{
			"id": 1,
			"artist": "Samuel Dylan Witch",
			"songTitle": "Seen Better Days",
			"artistUrl" : "https://ahoy.ooo/artist/total/sdw/sdw.html",
			"mp3url": "https://ahoycollection.s3.us-east-2.amazonaws.com/01%20I%27ve%20Seen%20Better%20Days.mp3",
			"play": false,
			"thumbnail": "https://i.ytimg.com/vi/XDH0X-dF4GM/maxresdefault.jpg",
			"coverArt" : "https://i.ytimg.com/vi/XDH0X-dF4GM/maxresdefault.jpg",
			"backgroundImageUrl": "https://uploads-ssl.webflow.com/61faaa991e210610a2f55291/61fd3eb3d31bab0a69794969_Ahoy-Indie-Media---Live-from-the-Garage-p-500.png"
		},
	  {
		"id": 2,
		"artist": "Samuel Dylan Witch",
		"songTitle": "Beneath the Willow Tree",
		"artistUrl" : "https://ahoy.ooo/artist/total/sdw/sdw.html",
		"mp3url": "https://ahoycollection.s3.us-east-2.amazonaws.com/Beneath+the+Willow+Tree.mp3",
		"coverArt": "https://i.ytimg.com/vi/koPyEhqksBk/maxresdefault.jpg",
		"play": false
	  },
	  {
		"id": 3,
		"artist": "Samuel Dylan Witch",
		"songTitle": "Put Me on the Run",
		"artistUrl" : "https://ahoy.ooo/artist/total/sdw/sdw.html",
		"mp3url": "https://ahoycollection.s3.us-east-2.amazonaws.com/Put+Me+on+the+Run-+Draft+1mp3.mp3",
		"coverArt": "https://i.ytimg.com/vi/uEqMlBsKYpQ/hq720.jpg?sqp=-oaymwEhCK4FEIIDSFryq4qpAxMIARUAAAAAGAElAADIQj0AgKJD&rs=AOn4CLABNZs86_3-knu6Zq78I43Am1eLWA",
		"play": false
	  },
	  {
		"id": 4,
		"artist": "Samuel Dylan Witch",
		"songTitle": "You Know Me",
		"artistUrl" : "https://ahoy.ooo/artist/total/sdw/sdw.html",
		"mp3url": "https://ahoycollection.s3.us-east-2.amazonaws.com/You+Know+Me+Draft+2.mp3",
		"coverArt": "https://i.ytimg.com/vi/XDH0X-dF4GM/maxresdefault.jpg",
		"play": false
	  },
	  {
		"id": 5,
		"artist": "Samuel Dylan Witch",
		"songTitle": "Watching Her Fly",
		"mp3url": "https://ahoycollection.s3.amazonaws.com/Coral+Reefer+-+Untitled+(original).mp3",
		"coverArt": "https://i.ytimg.com/vi/XDH0X-dF4GM/maxresdefault.jpg",
		"play": false
	  },
	  {
		"id": 6,
		"artist": "Cambell Rice",
		"songTitle": "Far From Here",
		"artistThumbnail": "https://unsplash.com/photos/random_person_image2",
		"coverArt": "https://catapultlakeland.com/wp-content/uploads/2020/09/Untitled-design-2.jpg",
		"artistUrl" : "https://ahoy.ooo/artist/total/cambellRice/cambellRice.html",
		"mp3url": "https://ahoycollection.s3.us-east-2.amazonaws.com/Campbell+Rice-+From+Here.mp3",
		"play": false
	  },
	  {
		"id": 7,
		"featured" : true,
		"artist": "Cambell Rice",
		"songTitle": "Sunflower",
		"artistUrl" : "https://ahoy.ooo/artist/total/cambellRice/cambellRice.html",
		"mp3url": "https://ahoycollection.s3.us-east-2.amazonaws.com/Campbell+Rice-Sunflower.mp3",
		"play": false,
		"coverArt": "https://catapultlakeland.com/wp-content/uploads/2020/09/Untitled-design-2.jpg"
	  },
	  {
		"id": 8,
		"artist": "Cambell Rice",
		"songTitle": "To Play Guitar in a Huge Room",
		"artistUrl" : "https://ahoy.ooo/artist/total/cambellRice/cambellRice.html",
		"mp3url": "https://ahoycollection.s3.us-east-2.amazonaws.com/Campbell+Rice-Trying+to+play+guitar+in+a+huge+room.mp3",
		"play": false,
		"coverArt": "https://m.media-amazon.com/images/I/61APLxryThL._UXNaN_FMjpg_QL85_.jpg"
	  },
	  {
		"featured" : true,
		"id": 9,
		"artist": "Youth XL",
		"songTitle": "Summer Bummer",
		"artistThumbnail": "UNSPLASH_URL_FOR_ARTIST_3",
		"albumArtwork": "UNSPLASH_URL_FOR_ALBUM_3",
		"artistUrl" : "https://ahoy.ooo/artist/total/youthXL/youthXL.html",
		"mp3url": "https://ahoycollection.s3.amazonaws.com/Youth+XL+-+Summer+Bummer.mp3",
		"coverArt": "https://encrypted-tbn0.gstatic.com/images?q=tbn:ANd9GcQyBXIMTxuYsGbaO23UEDr-TeH57LhPKid4ohwt85HyZgtprWiecvV_iFk0dYCMMJnT3ys&usqp=CAU",
		"play": false
	  },
	  {
		"id": 10,
		"artist": "Youth XL",
		"songTitle": "Yoga",
		"artistThumbnail": "UNSPLASH_URL_FOR_ARTIST_4",
		"albumArtwork": "UNSPLASH_URL_FOR_ALBUM_4",
		"artistUrl" : "https://ahoy.ooo/artist/total/youthXL/youthXL.html",
		"mp3url": "https://ahoycollection.s3.amazonaws.com/Youth+XL+-+Yoga.mp3",
		"coverArt": "https://encrypted-tbn0.gstatic.com/images?q=tbn:ANd9GcRwxXTk37iEbLqFEa5QZWImJbtIqoBi88rgTrfpWKfckiC3UWuODDcuVjPkUIbqzkADylo&usqp=CAU"
	
	  },
	  {
		"id": 11,
		"artist": "Youth XL",
		"songTitle": "Text Your Friends",
		"artistThumbnail": "UNSPLASH_URL_FOR_ARTIST_6",
		"featured" : true,
		"albumArtwork": "UNSPLASH_URL_FOR_ALBUM_6",
		"artistUrl" : "https://ahoy.ooo/artist/total/youthXL/youthXL.html",
		"mp3url": "https://ahoycollection.s3.us-east-2.amazonaws.com/Youth+XL+-+Text+Your+Friends.mp3",
		"coverArt": "https://encrypted-tbn0.gstatic.com/images?q=tbn:ANd9GcSow7Comi15tPYB3O0QzhiYwcuzAZzYelN4I9eF_S8TaBClkoWBFP02jWx3PCiQe3xTKnM&usqp=CAU"
		
	  },
	  {
		"id": 12,
		"artist": "Youth XL",
		"songTitle": "Gypsy Gia",
		"artistThumbnail": "UNSPLASH_URL_FOR_ARTIST_6",
		"albumArtwork": "UNSPLASH_URL_FOR_ALBUM_6",
		"artistUrl" : "https://ahoy.ooo/artist/total/youthXL/youthXL.html",
		"mp3url": "https://ahoycollection.s3.us-east-2.amazonaws.com/Youth+XL+-+Gypsy+Gia.mp3",
		"coverArt": "https://encrypted-tbn0.gstatic.com/images?q=tbn:ANd9GcQRBzrIX_zhK-rHOqss8IxUE40tCnlx9YOi2nwVX3bamUCD1uh8SFyqaOdzU2xoeogVoGw&usqp=CAU"
		
	  },
	  {
		"id": 13,
		"artist": "Fella Gazelle",
		"songTitle": "Reasons",
		"mp3url": "https://ahoycollection.s3.us-east-2.amazonaws.com/Fella%20Gazelle%20-%20Reasons%20-%20Radio%20Edit.mp3",
			"coverArt": "https://m.media-amazon.com/images/I/61NpQ4vCxOL._UXNaN_FMjpg_QL85_.jpg"
		
	  },
	  {
		"id": 14,
		"artist" : "Riddle M",
		"songTitle": "Glued in the Nude",
		"mp3url": "https://ahoycollection.s3.us-east-2.amazonaws.com/Riddle+M+-+Glued+in+Nude.mp3",
		"new": false,
		"coverArt": "https://i.ytimg.com/vi/O2SV8BikOjA/maxresdefault.jpg"
	  },
	  {
		"id": 15,
		"artist" : "Riddle M",
		"songTitle": "Honeydew",
		"mp3url": "https://ahoycollection.s3.us-east-2.amazonaws.com/Riddle+M+-+Honeydew.mp3",
		"new": false,
		"coverArt": "https://encrypted-tbn0.gstatic.com/images?q=tbn:ANd9GcQFYDGZSSHnPgwLfJ5HEssYeEnCH95mEuKTfw&usqp=CAU"
	  },
	  {
		"id": 16,
		"artist" : "Justin Arena",
		"songTitle": "Oceans",
		"mp3url": "https://ahoycollection.s3.us-east-2.amazonaws.com/Justin+Arena+-+Oceans.mp3",
		"artistUrl" : "https://ahoy.ooo/artist/total/justinArena/justinArena.html",
		"new": false,
		"artistPage": true,
		"coverArt": "https://is1-ssl.mzstatic.com/image/thumb/Music124/v4/ef/9c/aa/ef9caad8-3001-3554-ff16-a8caf4863e91/artwork.jpg/592x592bf.webp" 
	  },
	  {
		"id": 17,
		"artist" : "Justin Arena",
		"songTitle": "When You Wake Up",
		"mp3url": "https://ahoycollection.s3.us-east-2.amazonaws.com/Justin+Arena+-+Oceans.mp3",
		"artistUrl" : "https://ahoy.ooo/artist/total/justinArena/justinArena.html",
		"new": false,
		"artistPage": true,
		"coverArt": "https://is1-ssl.mzstatic.com/image/thumb/Music125/v4/ff/4e/ab/ff4eab95-c8c9-2c77-8289-3598672e7a74/artwork.jpg/592x592bf.webp" 
	  },
	  {
		"id": 18,
		"artist" : "Justin Arena",
		"songTitle": "Crash The Party",
		"mp3url": "https://ahoycollection.s3.us-east-2.amazonaws.com/Justin%20Arena%20-%20Crash%20The%20Party%20(ft.%20Nicole%20Gauthier).mp3",
		"artistUrl" : "https://ahoy.ooo/artist/total/justinArena/justinArena.html",
		"new": false,
		"artistPage": true,
		"coverArt": "https://is1-ssl.mzstatic.com/image/thumb/Music115/v4/89/ea/c8/89eac83d-378c-f272-10e9-f0a67eb0503d/artwork.jpg/592x592bf.webp"  
	  },
	  {
		"id": 19,
		"artist" : "Clones of Clarence",
		"songTitle": "Lost Time",
		"mp3url": "https://ahoycollection.s3.us-east-2.amazonaws.com/Clones+of+Clarence+-+Lost+Time+(I+miss+you).mp3",
		"artistUrl" : "https://ahoy.ooo/artist/total/clonesofclarence/clonesofclarence.html",
		"new": true,
		"artistPage": true,
		"coverArt": "https://is1-ssl.mzstatic.com/image/thumb/Music114/v4/8b/4d/cc/8b4dcc19-b47c-5478-b2de-18587dc0c4b3/artwork.jpg/592x592bf.webp"   
	  },
	  {
		"id": 20,
		"artist" : "Clones of Clarence",
		"songTitle": "Salty Salsa",
		"mp3url": "https://ahoycollection.s3.us-east-2.amazonaws.com/Clones+of+Clarence+-+Salty+Salsa.mp3",
		"artistUrl" : "https://ahoy.ooo/artist/total/clonesofclarence/clonesofclarence.html",
		"new": true,
		"artistPage": true,
		"coverArt": "https://is1-ssl.mzstatic.com/image/thumb/Music114/v4/e8/54/85/e854859f-5173-591b-766f-605268a026f1/artwork.jpg/592x592bf.webp"    
	  },
	  {
		"id": 21,
		"artist" : "Clones of Clarence",
		"songTitle": "Proj 17",
		"mp3url": "https://ahoycollection.s3.us-east-2.amazonaws.com/Clones+of+Clarence+-+Proj+17.mp3",
		"artistUrl" : "https://ahoy.ooo/artist/total/clonesofclarence/clonesofclarence.html",
		"new": true,
		"featured" : true,
		"artistPage": true,
		"coverArt": "https://is1-ssl.mzstatic.com/image/thumb/Music114/v4/e8/54/85/e854859f-5173-591b-766f-605268a026f1/artwork.jpg/592x592bf.webp"    
	  },
	  {
		"id": 22,
		"artist" : "Clones of Clarence",
		"songTitle": "3AM",
		"mp3url": "https://ahoycollection.s3.us-east-2.amazonaws.com/Clones+of+Clarence+-+3+AM.mp3",
		"artistUrl" : "https://ahoy.ooo/artist/total/clonesofclarence/clonesofclarence.html",
		"new": true,
		"artistPage": true,
		"coverArt": "https://is1-ssl.mzstatic.com/image/thumb/Music114/v4/98/ce/d0/98ced048-e086-a5ed-4581-9a60daee20b0/artwork.jpg/592x592bf.webp"     
	  },
	  {
		"id": 23,
		"artist": "Coral Reefer",
		"songTitle": "Electro",
		"mp3url": "https://ahoycollection.s3.us-east-2.amazonaws.com/Coral+Reefer+-+elec+(original).mp3",
		"artistUrl": "https://ahoy.ooo/artist/total/coralReefer/coralReefer.html",
		"new": true,
		"coverArt": "https://i.ytimg.com/vi/XDH0X-dF4GM/maxresdefault.jpg"
	  },
	  {
		"id": 24,
		"artist": "My Own Grenade",
		"songTitle": "My Own Grenade",
		"mp3url": "https://ahoycollection.s3.us-east-2.amazonaws.com/My_Own_Grenade_-_34B.mp3",
		"coverArt": "https://ahoycollection.s3.us-east-2.amazonaws.com/my+own+grenade.jpeg",
		"play": false
	},
	{
		"id": 25,
		"artist": "My Own Grenade",
		"songTitle": "Frustrated",
		"mp3url": "https://ahoycollection.s3.us-east-2.amazonaws.com/My_Own_Grenade_-_Frustrated.mp3",
		"coverArt": "https://ahoycollection.s3.us-east-2.amazonaws.com/my+own+grenade.jpeg",
		"play": false
	},
	{
		"id": 26,
		"artist": "My Own Grenade",
		"songTitle": "My Parents' Couch (Live Cut)",
		"mp3url": "https://ahoycollection.s3.us-east-2.amazonaws.com/My_Own_Grenade_-_My_Parents_Couch_live_cut.mp3",
		"coverArt": "https://ahoycollection.s3.us-east-2.amazonaws.com/my+own+grenade.jpeg",
		"play": false
	},
	{
		"id": 27,
		"artist": "My Own Grenade",
		"songTitle": "Spacegirl With A Headset",
		"mp3url": "https://ahoycollection.s3.us-east-2.amazonaws.com/My_Own_Grenade_-_Spacegirl_With_A_Headset.mp3",
		"coverArt": "https://ahoycollection.s3.us-east-2.amazonaws.com/my+own+grenade.jpeg",
		"play": false
	},
	{
		"id": 28,
		"artist": "My Own Grenade",
		"songTitle": "Special",
		"mp3url": "https://ahoycollection.s3.us-east-2.amazonaws.com/My_Own_Grenade_-_Special.mp3",
		"coverArt": "https://ahoycollection.s3.us-east-2.amazonaws.com/my+own+grenade.jpeg",
		"play": false
	},
	{
		"id": 29,
		"artist": "My Own Grenade",
		"songTitle": "Today Is In My Way",
		"mp3url": "https://ahoycollection.s3.us-east-2.amazonaws.com/My_Own_Grenade_-_Today_Is_In_My_Way.mp3",
		"coverArt": "https://ahoycollection.s3.us-east-2.amazonaws.com/my+own+grenade.jpeg",
		"play": false
	},
	{
		"id": 30,
		"artist": "S.G. Carlson",
		"songTitle": "How I Got Fat While Living Skinny",
		"mp3url": "https://ahoycollection.s3.us-east-2.amazonaws.com/S.G.+Carlson+-+How+I+Got+Fat+While+Living+Skinny.mp3",
		"coverArt": "https://ahoycollection.s3.us-east-2.amazonaws.com/SGCarlson-AhoyIndieMedia.png",
		"play": false
	},
	{
		"id": 31,
		"artist": "Justin Arena",
		"songTitle": "Framework",
		"mp3url": "https://ahoycollection.s3.us-east-2.amazonaws.com/Justin+Arena+-+Framework.mp3",
		"coverArt": "https://f4.bcbits.com/img/a3851680380_16.jpg",
		"play": false
	},
	{
		"id": 32,
		"artist": "Justin Arena",
		"songTitle": "Fruit In The Shower",
		"mp3url": "https://ahoycollection.s3.us-east-2.amazonaws.com/Justin+Arena+-+Fruit+in+The+Shower.mp3",
		"coverArt": "https://f4.bcbits.com/img/a3851680380_16.jpg",
		"play": false
	},
	{
		"id": 33,
		"artist": "Justin Arena",
		"songTitle": "No 1",
		"mp3url": "https://ahoycollection.s3.us-east-2.amazonaws.com/Justin+Arena+-+No+1.mp3",
		"coverArt": "https://f4.bcbits.com/img/a2804283483_16.jpg",
		"play": false
	},
	{
		"id": 34,
		"artist": "Riddle M",
		"songTitle": "Daisies",
		"mp3url": "https://ahoycollection.s3.us-east-2.amazonaws.com/Riddle+M+-+Daisies.mp3",
		"coverArt": "https://f4.bcbits.com/img/a1273412504_16.jpg",
		"play": false
	},
	{
		"id": 35,
		"artist": "Riddle M",
		"songTitle": "Garden Girl",
		"mp3url": "https://ahoycollection.s3.us-east-2.amazonaws.com/Riddle+M+-+Garden+Girl.mp3",
		"coverArt": "https://f4.bcbits.com/img/a1303332007_16.jpg",
		"play": false
	},
	{
		"id": 36,
		"artist": "Riddle M",
		"songTitle": "Magic Man",
		"mp3url": "https://ahoycollection.s3.us-east-2.amazonaws.com/Riddle+M+-+Magic+Man.mp3",
		"coverArt": "https://f4.bcbits.com/img/a1303332007_16.jpg",
		"play": false
	},
	{
		"id": 37,
		"artist": "Riddle M",
		"songTitle": "Melted Side",
		"mp3url": "https://ahoycollection.s3.us-east-2.amazonaws.com/Riddle+M+-+Melted+Side.mp3",
		"coverArt": "https://f4.bcbits.com/img/a2037135100_16.jpg",
		"play": false
	},
	{
		"id": 38,
		"artist": "Riddle M",
		"songTitle": "Snout",
		"mp3url": "https://ahoycollection.s3.us-east-2.amazonaws.com/Riddle+M+-+Snout.mp3",
		"coverArt": "https://f4.bcbits.com/img/a3669668101_16.jpg",
		"play": false
	},
	{
		"id": 39,
		"artist": "Riddle M",
		"songTitle": "Mustard Seed",
		"mp3url": "https://ahoycollection.s3.us-east-2.amazonaws.com/Riddle+M+-+Mustard+Seed.mp3",
		"coverArt": "https://f4.bcbits.com/img/a2186804885_16.jpg",
		"play": false
	},
	{
		"id": 40,
		"artist": "The Tines",
		"songTitle": "Know By Feel",
		"mp3url": "https://ahoycollection.s3.us-east-2.amazonaws.com/ready_The+Tines+-+The+Tines+-+04+-+Know+By+Feel.mp3",
		"coverArt": "https://ahoycollection.s3.us-east-2.amazonaws.com/ready_theTinesAlbumArtwork.jpg",
		"play": false
	},
	{
		"id": 41,
		"artist": "The Tines",
		"songTitle": "Chokecherries",
		"mp3url": "https://ahoycollection.s3.us-east-2.amazonaws.com/ready_The+Tines_Chokecherries.mp3",
		"coverArt": "https://ahoycollection.s3.us-east-2.amazonaws.com/ready_theTinesAlbumArtwork.jpg",
		"play": false
	},
	{
		"id": 42,
		"artist": "The Tines",
		"songTitle": "Moon Views",
		"mp3url": "https://ahoycollection.s3.us-east-2.amazonaws.com/ready_The+Tines+-+The+Tines+-+09+-+Moon+Views.mp3",
		"coverArt": "https://ahoycollection.s3.us-east-2.amazonaws.com/ready_theTinesAlbumArtwork.jpg",
		"play": false
	}
	]
  }
  