{
  "artists": [
    {
      "id": 1,
      "name": "Justin Arena",
      "featuredImage": "./total/justinArena/justinArena.jpg",
      "location": "Rockport, Mass",
      "showDates": ["Date1", "Date2", "Date3"],
      "supportLink": "https://support.link",
      "shareLink": "https://share.link",
      "messageLink": "https://message.link",
      "productSDK": "marketplace_data_for_Justin_Arena",
      "artistUrl": "./src/artists/justin-arena.html"
    },
    {
      "id": 2,
      "name": "YouthXL",
      "featuredImage": "./total/youthXL/youthXL.png",
      "location": "Brooklyn New York",
      "showDates": ["Date1", "Date2", "Date3"],
      "supportLink": "https://support.link",
      "shareLink": "https://share.link",
      "messageLink": "https://message.link",
      "productSDK": "marketplace_data_for_Justin_Arena",
      "artistUrl": "./src/artists/youth-xl.html"
    },
    {
      "id": 3,
      "name": "Samuel Dylan Witch",
      "featuredImage": "./total/sdw/sdw.jpg",
      "location": "Valhalla New York",
      "showDates": [],
      "supportLink": "https://support.link",
      "shareLink": "https://share.link",
      "messageLink": "https://message.link",
      "productSDK": "marketplace_data_for_Justin_Arena",
      "artistUrl": "./src/artists/samuel-dylan-witch.html"
    },
    {
      "id": 4,
      "name": "Cambell Rice",
      "featuredImage": "./total/sdw/sdw.jpg",
      "location": "Valhalla New York",
      "showDates": ["Date1", "Date2", "Date3"],
      "supportLink": "https://support.link",
      "shareLink": "https://share.link",
      "messageLink": "https://message.link",
      "productSDK": "marketplace_data_for_Justin_Arena",
      "artistUrl": "./src/artists/cambell-rice.html"
    },
    {
      "id": 5,
      "name": "Clones of Clarence",
      "featuredImage": "./total/clonesOfClarence/clonesOfClarence.html",
      "location": "Location One",
      "showDates": ["Date1", "Date2", "Date3"],
      "supportLink": "https://support.link",
      "shareLink": "https://share.link",
      "messageLink": "https://message.link",
      "productSDK": "marketplace_data_for_Artist_One",
      "artistUrl": "./src/artists/clones-of-clarence.html"
    },
    {
      "id": 6,
      "name": "Marco Worms",
      "featuredImage": "./total/clonesOfClarence/clonesOfClarence.html",
      "location": "Brazil",
      "showDates": [],
      "supportLink": "https://support.link",
      "shareLink": "https://share.link",
      "messageLink": "https://message.link",
      "productSDK": "marketplace_data_for_Artist_One",
      "artistUrl": "./src/artists/marco-worms.html"
    }
  ]
}
