[
    {
        "id": "v25-2",
        "name": "Thumbnail Graphic Tee",
        "price": "$25",
        "requires_subscription": false,
        "thumbnail": "https://storage.googleapis.com/ahoy-dynamic-content/AHOY%20Market%20v25%20-%20Thumbnail%20Graphic%20T.jpg",
        "image": "https://storage.googleapis.com/ahoy-dynamic-content/AHOY%20Market%20v25%20-%20Thumbnail%20Graphic%20T.jpg",
        "productImage2": "https://storage.googleapis.com/ahoy-dynamic-content/AHOY%20Market%20v25%20-%20Thumbnail%20Graphic%20T%20-%20img2.jpg"
    },
    {
        "id": "v25-3",
        "name": "YounGonz",
        "price": "$234",
        "requires_subscription": false,
        "thumbnail": "https://storage.googleapis.com/ahoy-dynamic-content/AHOY%20Market%20v25%20-%20YounGonzjpg.jpg",
        "image": "https://storage.googleapis.com/ahoy-dynamic-content/AHOY%20Market%20v25%20-%20YounGonzjpg.jpg"
    },
    {
        "id": "v25-4",
        "name": "Rob Classic Sweatshirt",
        "price": "$27",
        "requires_subscription": false,
        "thumbnail": "https://storage.googleapis.com/ahoy-dynamic-content/AHOY%20Market%20v25%20-%20GRAPHIC%20SWEATSHIRT.jpg",
        "image": "https://storage.googleapis.com/ahoy-dynamic-content/AHOY%20Market%20v25%20-%20GRAPHIC%20SWEATSHIRT.jpg"
    },
    {
        "id": "v25-5",
        "name": "Beanie",
        "price": "$19",
        "requires_subscription": false,
        "thumbnail": "https://storage.googleapis.com/ahoy-dynamic-content/AHOY%20Market%20v25%20-%20Beanie.png",
        "image": "https://storage.googleapis.com/ahoy-dynamic-content/AHOY%20Market%20v25%20-%20Beanie.png"
    },
    {
        "id": "v25-6",
        "name": "Not Square Sticker",
        "price": "Free (Limit 10), $1 after that",
        "requires_subscription": true,
        "thumbnail": "https://storage.googleapis.com/ahoy-dynamic-content/AHOY%20Market%20v25%20-%20Not%20Square%20Sticker.jpg",
        "image": "https://storage.googleapis.com/ahoy-dynamic-content/AHOY%20Market%20v25%20-%20Not%20Square%20Sticker.jpg"
    },
    {
        "id": "v25-7",
        "name": "Ahoy Rob Meglio Facemousepad",
        "price": "Free (Limit 2), $10 after that",
        "requires_subscription": true,
        "thumbnail": "https://storage.googleapis.com/ahoy-dynamic-content/Ahoy%20Indie%20Media%20-%20v25%20Product%20-%20Rob%20Mousepad%201.png",
        "image": "https://storage.googleapis.com/ahoy-dynamic-content/Ahoy%20Indie%20Media%20-%20v25%20Product%20-%20Rob%20Mousepad%201.png"
    }
]