[
  {
    "imgSrc": "/images/Ahoy-Indie-Media---The-Rob-Show---Season-2---Episode-1---2023.png",
    "altText": "Artist 1",
    "description": "Dave and Tyler on the Rob Show"
  },
  {
    "imgSrc": "/images/getOn/jackgalvin.png",
    "altText": "Artist 2",
    "description": "Jack Galvin's Alive on Central"
  },
  {
    "imgSrc": "/images/getOn/cambellrice.png",
    "altText": "Artist 3",
    "description": "Cambell Rice"
  },
  {
    "imgSrc": "/images/getOn/samueldylanwitch.png",
    "altText": "Artist 4",
    "description": "Samuel Dylan Witch"
  },
  {
    "imgSrc": "/images/getOn/samueldylanwitch.png",
    "altText": "Samuel Dylan Witch",
    "description": "Samuel Dylan Witch 'Watching her Fly' "
  },
  {
    "imgSrc": "https://ahoypodcast.s3.us-east-2.amazonaws.com/The+Rob+Show+-+Ep15+-+Ellen+Martin.png",
    "altText": "The Rob Show - Ep 15 - Ellen Martin",
    "description": "Ellen Martin on The Rob Show"
  },
  {
    "imgSrc": "https://ahoypodcast.s3.us-east-2.amazonaws.com/The+Rob+Show+-+Ep16+-+Josh+Sanders+copy.png",
    "altText": "The Rob Show - Ep 16 - Joshua Sanders",
    "description": "Joshua Sanders on the Rob Show"
  }
]
