{
  "physicalProducts": [
    {
      "id": "p001",
      "title": "Sticker Pack 1",
      "description": "A pack of 5 vibrant stickers.",
      "category": "Stickers",
	  "image": "img/devImg/stickerpack/stickermarket_LOGO/1.svg",
      "quantityPerPack": 5,
      "shippingWeight": "0.5kg",
      "productSDK": "SP1",
      "releaseDate": "2023-01-01",
      "relatedArtistUrls": ["https://ahoy.ooo/artist/total/sdw/sdw.html"],
      "price": 4.99,
      "discount": {
        "available": false,
        "discountedPrice": 0
      }
    },
    {
      "id": "p002",
      "title": "Sticker Pack 2",
      "description": "A pack of 5 cool stickers.",
      "category": "Stickers",
      "image": "img/devImg/stickerpack/stickermarket_LOGO/2.svg",
      "quantityPerPack": 5,
      "shippingWeight": "0.5kg",
      "productSDK": "SP2",
      "releaseDate": "2023-02-01",
      "relatedArtistUrls": ["https://ahoy.ooo/artist/total/justinArena/justinArena.html"],
      "price": 4.99,
      "discount": {
        "available": true,
        "discountedPrice": 3.99
      }
    },
	{
		"id": "p003",
		"title": "Sticker Pack 3",
		"description": "A pack of 5 artistic stickers.",
		"category": "Stickers",
		"image": "img/devImg/stickerpack/stickermarket_LOGO/3.svg",
		"quantityPerPack": 5,
		"shippingWeight": "0.5kg",
		"productSDK": "SP3",
		"releaseDate": "2023-03-01",
		"relatedArtistUrls": ["https://ahoy.ooo/artist/total/sdw/sdw.html"],
		"price": 4.99,
		"discount": {
		  "available": false,
		  "discountedPrice": 0
		}
	  },
	  {
		"id": "p004",
		"title": "Sticker Pack 4",
		"description": "A pack of 5 nature-themed stickers.",
		"category": "Stickers",
		"image": "img/devImg/stickerpack/stickermarket_LOGO/4.svg",
		"quantityPerPack": 5,
		"shippingWeight": "0.5kg",
		"productSDK": "SP4",
		"releaseDate": "2023-04-01",
		"relatedArtistUrls": ["https://ahoy.ooo/artist/total/justinArena/justinArena.html"],
		"price": 4.99,
		"discount": {
		  "available": true,
		  "discountedPrice": 3.99
		}
	  },
	  {
		"id": "p005",
		"title": "Sticker Pack 5",
		"description": "A pack of 5 abstract stickers.",
		"category": "Stickers",
		"image": "img/devImg/stickerpack/stickermarket_LOGO/5.svg",
		"quantityPerPack": 5,
		"shippingWeight": "0.5kg",
		"productSDK": "SP5",
		"releaseDate": "2023-05-01",
		"relatedArtistUrls": ["https://ahoy.ooo/artist/total/sdw/sdw.html"],
		"price": 4.99,
		"discount": {
		  "available": false,
		  "discountedPrice": 0
		}
	  },
	  {
		"id": "p006",
		"title": "Sticker Pack 6",
		"description": "A pack of 5 geometric stickers.",
		"category": "Stickers",
		"image": "img/devImg/stickerpack/stickermarket_LOGO/6.svg",
		"quantityPerPack": 5,
		"shippingWeight": "0.5kg",
		"productSDK": "SP6",
		"releaseDate": "2023-06-01",
		"relatedArtistUrls": ["https://ahoy.ooo/artist/total/justinArena/justinArena.html"],
		"price": 4.99,
		"discount": {
		  "available": true,
		  "discountedPrice": 3.99
		}
	  },
	  {
		"id": "p007",
		"title": "Sticker Pack 7",
		"description": "A pack of 5 minimalist stickers.",
		"category": "Stickers",
		"image": "img/devImg/stickerpack/stickermarket_LOGO/7.svg",
		"quantityPerPack": 5,
		"shippingWeight": "0.5kg",
		"productSDK": "SP7",
		"releaseDate": "2023-07-01",
		"relatedArtistUrls": ["https://ahoy.ooo/artist/total/sdw/sdw.html"],
		"price": 4.99,
		"discount": {
		  "available": false,
		  "discountedPrice": 0
		}
	  },
	  {
		"id": "p008",
		"title": "Sticker Pack 8",
		"description": "A pack of 5 colorful stickers.",
		"category": "Stickers",
		"image": "img/devImg/stickerpack/stickermarket_LOGO/8.svg",
		"quantityPerPack": 5,
		"shippingWeight": "0.5kg",
		"productSDK": "SP8",
		"releaseDate": "2023-08-01",
		"relatedArtistUrls": ["https://ahoy.ooo/artist/total/justinArena/justinArena.html"],
		"price": 4.99,
		"discount": {
		  "available": true,
		  "discountedPrice": 3.99
		}
	  },
	  {
		"id": "p009",
		"title": "Sticker Pack 9",
		"description": "A pack of 5 black and white stickers.",
		"category": "Stickers",
		"image": "img/devImg/stickerpack/stickermarket_LOGO/3.svg",
		"quantityPerPack": 5,
		"shippingWeight": "0.5kg",
		"productSDK": "SP9",
		"releaseDate": "2023-09-01",
		"relatedArtistUrls": ["https://ahoy.ooo/artist/total/sdw/sdw.html"],
		"price": 4.99,
		"discount": {
		  "available": false,
		  "discountedPrice": 0
		}
	  }
	]
}